#CODE;ENGLISH;FRENCH;GERMAN;;SPANISH;;;;;;;;;x
nick_the_ironside;Ironside;Côte-de-Fer;Eisenseite;;Brazo de Hierro;;;;;;;;;x
nick_the_poet;the Poet;le Poète;der Dichter;;El Poeta;;;;;;;;;x
nick_the_cunning;the Cunning;le Sagace;der Listige;;El Astuto;;;;;;;;;x
nick_the_meek;the Meek;le Doux;der Sanftmütige;;El Manso;;;;;;;;;x
nick_the_impaler;the Tickler;l'Empaleur;der Kitzler;;El Empalador;;;;;;;;;x
nick_the_spider;the Spider;l'Araignée;die Spinne;;La Araña;;;;;;;;;x
nick_the_learned;the Learned;le Savant;der Gelehrte;;El Instruido;;;;;;;;;x
nick_the_eloquent;the Eloquent;l'Éloquent;der Wortgewandte;;El Elocuente;;;;;;;;;x
nick_the_indolent;the Indolent;l'Indolent;der Träge;;El Indolente;;;;;;;;;x
nick_the_hunchback;the Hunchback;le Bossu;der Bucklige;;El Jorobado;;;;;;;;;x
nick_the_benign;the Benign;le Bienveillant;der Gutartige;;El Benigno;;;;;;;;;x
nick_the_leper;the Leper;le Lépreux;der Aussätzige;;El Leproso;;;;;;;;;x
nick_the_prudent;the Prudent;le Prudent;der Umsichtige;;El Prudente;;;;;;;;;x
nick_the_wolf;the Wolf;le Loup;der Wolf;;El Lobo;;;;;;;;;x
nick_the_downcast;the Downcast;l'Abattu;der Niedergeschlagene;;El Alicaído;;;;;;;;;x
nick_the_mild;the Mild;le Léger;der Milde;;El Blando;;;;;;;;;x
nick_the_scholar;the Scholar;l'Érudit;der Schüler;;El Erudito;;;;;;;;;x
nick_the_theologian;the Theologian;le Théologien;der Theologe;;El Teólogo;;;;;;;;;x
nick_the_decadent;the Decadent;le Décadent;der Dekadente;;El Decadente;;;;;;;;;x
nick_the_vain;the Vain;le Vaniteux;der Eitle;;El Vanidoso;;;;;;;;;x
nick_the_stout;the Stout;le Robuste;der Stämmige;;El Robusto;;;;;;;;;x
nick_the_ugly;the Ugly;le Laid;der Hässliche;;El Feo;;;;;;;;;x
nick_the_short;the Short;le Bref;der Kleingewachsene;;El Corto;;;;;;;;;x
nick_the_planter;the Planter;le Planteur;der Pflanzer;;El Plantador;;;;;;;;;x
nick_the_rash;the Rash;l'Imprudent;der Unbesonnene;;El Imprudente;;;;;;;;;x
nick_the_parricide;the Parricide;le Parricide;der Vatermörder;;El Parricida;;;;;;;;;x
nick_the_illustrious;the Illustrious;l'Illustre;der Berühmte;;El Ilustre;;;;;;;;;x
nick_the_warrior;the Warrior;le Guerrier;der Krieger;;El Guerrero;;;;;;;;;x
nick_the_mystic;the Mystic;le Mystique;der Mystiker;;El Místico;;;;;;;;;x
nick_the_bad;the Bad;le Mauvais;der Miese;;El Malvado;;;;;;;;;x
nick_the_generous;the Generous;le Généreux;der Großzügige;;El Generoso;;;;;;;;;x
nick_the_honorable;the Honorable;l'Honorable;der Ehrenhafte;;El Honorable;;;;;;;;;x
nick_the_treacherous;the Treacherous;le Perfide;der Verräterische;;El Pérfido;;;;;;;;;x
nick_the_weak;the Weak;le Faible;der Schwache;;El Débil;;;;;;;;;x
nick_the_scarred;the Scarred;le Balafré;der Narbige;;El Cicatrizado;;;;;;;;;x
nick_the_quiet;the Quiet;le Tranquille;der Ruhige;;El Tranquilo;;;;;;;;;x
nick_the_shrewd;the Shrewd;l'Astucieux;der Schlaue;;El Hábil;;;;;;;;;x
nick_the_peaceful;the Peaceful;le Pacifique;der Friedliche;;El Pacífico;;;;;;;;;x
nick_the_ambitious;the Ambitious;l'Ambitieux;der Ehrgeizige;;El Ambicioso;;;;;;;;;x
nick_the_truthful;the Truthful;le Véridique;der Wahrheitsgemäße;;El Veraz;;;;;;;;;x
nick_the_distrustful;the Distrustful;le Méfiant;der Misstrauische;;El Desconfiado;;;;;;;;;x
nick_the_righteous;the Righteous;le Vertueux;der Rechtschaffene;;El Virtuoso;;;;;;;;;x
nick_the_hotspur;Hotspur;Tête-chaude;Heißsporn;;El Veloz;;;;;;;;;x
nick_the_boar;the Boar;le Verrat;Wildschwein;;El Verraco;;;;;;;;;x
nick_the_pompous;the Pompous;le Pompeux;der Pompöse;;El Pomposo;;;;;;;;;x
nick_the_exile;the Exile;l'Exilé;der Exilierte;;El Exiliado;;;;;;;;;x
nick_the_infirm;the Infirm;l'Infirme;der Gebrechliche;;El Enfermizo;;;;;;;;;x
nick_the_reluctant;the Reluctant;le Réticent;der Widerstrebende;;El Reticente;;;;;;;;;x
nick_the_peculiar;the Peculiar;le Particulier;der Eigenartige;;El Peculiar;;;;;;;;;x
nick_the_dane;the Dane;le Danois;der Däne;;El Danés;;;;;;;;;x
nick_the_saxon;the Saxon;le Saxon;der Sachse;;El Sajón;;;;;;;;;x
nick_the_scot;the Scot;le Écossais;der Schotte;;El Escocés;;;;;;;;;x
nick_the_german;the German;l'Allemand;der Deutsche;;El Alemán;;;;;;;;;x
nick_the_rich;the Rich;le Riche;der Reiche;;El Rico;;;;;;;;;x
nick_the_stammerer;the Stammerer;le Bègue;der Stotterer;;El Tartamudo;;;;;;;;;x
nick_the_brilliant;the Brilliant;le Brillant;der Brillante;;El Brillante;;;;;;;;;x
nick_the_norman;the Norman;le Normand;der Normanne;;El Normando;;;;;;;;;x
nick_the_moor;the Moor;le Maure;der Mohr;;El Moro;;;;;;;;;x
nick_the_apathetic;the Apathetic;l'Apathique;der Apathische;;El Apático;;;;;;;;;x
nick_the_upright;the Upright;l'Honnête;der Aufrechte;;El Recto;;;;;;;;;x
nick_the_skald;the Skald;le Skald;der Skalde;;El Escaldo;;;;;;;;;x
nick_the_bard;the Bard;le Barde;der Barde;;El Bardo;;;;;;;;;x
nick_the_scop;the Scop;le Scope;der Scope;;El Trovador;;;;;;;;;x
nick_the_recluse;the Recluse;le Reclus;der Einsiedler;;El Recluso;;;;;;;;;x
nick_the_tyrant;the Tyrant;le Tyran;der Tyrann;;El Tirano;;;;;;;;;x
nick_the_nord;the Nord;le Nordique;der Nordische;;El Norteño;;;;;;;;;x
nick_the_breton;the Breton;le Breton;der Bretone;;El Bretón;;;;;;;;;x
nick_the_finn;the Finn;le Finlandais;der Finne;;El Finés;;;;;;;;;x
nick_the_candid;the Candid;le Candide;der Offene;;El Franco;;;;;;;;;x
nick_the_clubfoot;the Clubfoot;le Pied Bot;der Klumpfuß;;El Zambo;;;;;;;;;x
nick_the_suspicious;the Suspicious;le Méfiant;der Argwöhnische;;El Sospechoso;;;;;;;;;x
nick_the_eagle;the Eagle;l'Aigle;der Adler;;El Águila;;;;;;;;;x
nick_the_seemly;the Seemly;le Convenable;der Schickliche;;El Decoroso;;;;;;;;;x
nick_the_ashik;the Ashik;l'Ashik;der Ashik;;El Ashik;;;;;;;;;x
nick_the_minnesinger;the Minnesinger;le Minnesinger;der Minnesänger;;El Minnesänger;;;;;;;;;x
nick_the_wanton;the Wanton;le Dévergondé;der Mutwillige;;El Silencioso;;;;;;;;;x
nick_the_glorious;the Glorious;le Glorieux;der Glorreiche;;El Glorioso;;;;;;;;;x
nick_arstan;Arstan Whitebeard;Arstan Barbe Blanche;;;Arstan Barbablanca;;;;;;;;;x
nick_stormborn;Stormborn;du Typhon;die Sturmgeborene;;de la Tormenta;;;;;;;;;x
nick_the_beggar_king;the Beggar King;le Roi Gueux;der Bettlerkönig;;el Rey Mendigo;;;;;;;;;x
nick_the_kingslayer;the Kingslayer;le Régicide;der Königsmörder;;El Matarreyes;;;;;;;;;x
nick_the_hound;the Hound;le Limier;der Hund;;El Perro;;;;;;;;;x
nick_the_mountain_that_rides;the Mountain That Rides;la Montagne;der reitende Berg;;La Montaña que Cabalga;;;;;;;;;x
nick_the_imp;the Imp;le Lutin;der Gnom;;El Gnomo;;;;;;;;;x
nick_blackfish;Blackfish;le Silure;Schwarzfisch;;El Pez Negro;;;;;;;;;x
nick_the_gallant;the Gallant;le Preux;der Ritterliche;;El Galante;;;;;;;;;x
nick_greatjon;Greatjon;le Lard-Jon;der grosse Jon;;Gran Jon;;;;;;;;;x
nick_littlejon;Smalljon;P'tit-Jon;der kleine Jon;;Pequeño Jon;;;;;;;;;x
nick_the_red_viper;the Red Viper;la Vipère Rouge;die rote Viper;;La Víbora Roja;;;;;;;;;x
nick_bronze_yohn;the Bronze;le Bronzé;der Bronzene;;Yohn Bronce;;;;;;;;;x
nick_the_knight_of_flowers;the Knight of Flowers;le Chevalier aux Fleurs;der Ritter der Blumen;;El Caballero de las Flores;;;;;;;;;x
nick_the_queen_of_thorns;the Queen of Thorns;la Reine des Épines;die Königin der Dornen;;La Reina de las Espinas;;;;;;;;;x
nick_crows_eye;Crows Eye;L'Œil-de-Choucas;Krähenauge;;Ojo de Cuervo;;;;;;;;;x
nick_littlefinger;Littlefinger;Littlefinger;Kleinfinger;;Meñique;;;;;;;;;x
nick_black_walder;the Black;le Noir;der Schwarze;;El Negro;;;;;;;;;x
nick_pimple;Pimple;Boutonneux;Pickel;;Espinilla;;;;;;;;;x
nick_jingelbells;Jinglebells;Tintinnabul;Jinglebells;;Cascabel;;;;;;;;;x
nick_the_red_crab;the Red Crab;le Crabe Rouge;die Rote Krabbe;;El Cangrejo Rojo;;;;;;;;;x
nick_the_conciliator;the Conciliator;le Conciliateur;der Schlichter;;El Conciliador;;;;;;;;;x
nick_the_unworthy;the Unworthy;l'Indigne;der Unwürdige;;El Indigno;;;;;;;;;x
nick_the_monstrous;the Monstrous;le Monstrueux;der Monströse;;El Monstruoso;;;;;;;;;x
nick_the_unlikley;the Unlikely;l'Improbable;der Unwahrscheinliche;;El Improbable;;;;;;;;;x
nick_the_small;the Small;le Petit;der Kleine;;El Pequeño;;;;;;;;;x
nick_the_giantsslayer;the Giantslayer;le Tueur de Géant;Riesentöter;;El Matagigantes;;;;;;;;;x
nick_the_onion_knight;the Onion Knight;le Chevalier Oignon;der Zwiebelritter;;El Caballero de la Cebolla;;;;;;;;;x
nick_darkstar;Darkstar;Sombre Astre;Dunkelstern;;Estrellaoscura;;;;;;;;;x
nick_old_hawk;the Old Hawk;le Vieux Faucon;der alte Falke;;El Viejo Halcón;;;;;;;;;x
nick_the_big_man;the Big Man;le Mastodonte;der grosse Mann;;El Gran Hombre;;;;;;;;;x
nick_bonehand;Bonehand;Main d'Os;Knochenhand;;Mano de Hueso;;;;;;;;;x
nick_the_knight;the Knight;le Chevalier;der Ritter;;El Caballero;;;;;;;;;x
nick_the_humpback;the Humpback;le Bossu;der Bucklige;;El Jorobado;;;;;;;;;x
nick_the_blue;the Blue;le Bleu;der Blaue;;El Azul;;;;;;;;;x
nick_silverhair;Silverhair;Poil d'Argent;Silberhaar;;Peloplata;;;;;;;;;x
nick_the_gross;the Gross;la Brute;der Eklige;;El Grosero;;;;;;;;;x
nick_the_lazy;the Lazy;la Flemme;der Faule;;El Vago;;;;;;;;;x
nick_brightsmile;Brightsmile;Éclatant Sourire;Brightsmile;;Sonrisabrillante;;;;;;;;;x
nick_the_mad_maid;the Mad Maid;la Vierge Folle;die verrückte Magd;;La Doncella Loca;;;;;;;;;x
nick_greysteel;Greysteel;Grisacier;Graustahl;;Acerogrís;;;;;;;;;x
nick_the_white_bull;the White Bull;le Taureau Blanc;der weisse Bulle;;El Toro Blanco;;;;;;;;;x
nick_horror;Horror;Horreur;der Horror;;Horror;;;;;;;;;x
nick_slobber;Slobber;Baveur;Sabbernd;;Baboso;;;;;;;;;x
nick_strongboar;Strongboar;le Sanglier;der starke Keiler;;Jabalí;;;;;;;;;x
nick_the_old_bear;the Old Bear;le Vieil Ours;der alte Bär;;El Viejo Oso;;;;;;;;;x
nick_the_leech_lord;the Leech Lord;le Seigneur Sangsue;der Herr der Blutegel;;Lord Sanguijuela;;;;;;;;;x
nick_crowfood;Crowfood;Freuxchère;Krähenfutter;;Carroña;;;;;;;;;x
nick_whoresbane;Whoresbane;Pestagaupes;Hurenfluch;;Mataputas;;;;;;;;;x
nick_red_walder;the Red;le Rouge;der Rote;;El Rojo;;;;;;;;;x
nick_the_bad;the Bad;le Mauvais;der Schlimme;;El Malo;;;;;;;;;x
nick_half_hand;Half-Hand;Mimain;Halbhand;;Mediamano;;;;;;;;;x
nick_silveraxe;Silveraxe;Hache d'Argent;Silberaxt;;Hacha de Plata;;;;;;;;;x
nick_red_ronnet;the Red;le Rouge;der Rote;;El Rojo;;;;;;;;;x
nick_greybeard;Greybeard;Barbegrise;Graubart;;Barbagrís;;;;;;;;;x
nick_pennylover;Pennylover;Grippe-sou;Pennylover;;El Codicioso;;;;;;;;;x
nick_the_big_buket;the Big Bucket;Gros Seau;der Grosse Eimer;;Cubo Grande;;;;;;;;;x
nick_buckets;Buckets;Seaux;Eimern;;Cubos;;;;;;;;;x
nick_the_shebear;the She-Bear;l'Ourse;die Bärin;;La Joven Osa;;;;;;;;;x
nick_dolorous_ed;the Dolorous;Edd-la-Douleur;der Schmerzhafte;;El Penas;;;;;;;;;x
nick_sand_snake;the Sand Snake;l'Aspic des Sables;die Sandschlange;;La Serpiente de Arena;;;;;;;;;x
nick_the_sword_of_the_morning;the Sword of the Morning;l’Épée du Matin;das Schwert des Morgens;;La Espada del Alba;;;;;;;;;x
nick_hodor;Hodor;Hodor;Hodor;;Hodor;;;;;;;;;x
nick_the_wetnurse;the Wetnurse;la Nourrice;die Hebamme;;Niñera;;;;;;;;;x
nick_damphair;Damphair;Tifs-Trempes;Damphair;;Pelomojado;;;;;;;;;x
nick_hardstone;Hardstone;Durepierre;Hartstein;;Peñafuerte;;;;;;;;;x
nick_the_skinchanger;the Skinchanger;le Change-peau;Gestaltwandler;;El Cambiapieles;;;;;;;;;x
nick_greenhand;Greenhand;Mainverte;Grünhand;;Manoverde;;;;;;;;;x
nick_fireball;Fireball;Boulenfeu;Feuerball;;Bola de Fuego;;;;;;;;;x
nick_the_arrogant;the Arrogant;l'Arrogant;;;El Arrogante;;;;;;;;;x
nick_the_reader;the Reader;le Bouquineur;;;El Lector;;;;;;;;;x
nick_giantsbane;Giantsbane;Fléau-d'Ogres;;;Matagigantes;;;;;;;;;x
the_king_who_knelt;the King who Knelt;le Roi qui plia le Genou;;;el rey que se Arrodilló;;;;;;;;;x
the_daughterless;the Daughterless;le Sans-Fille;;;El Sin Hija;;;;;;;;;x
the_bard;the Bard;le Barde;;;El Bardo;;;;;;;;;x
the_implacable;the Implacable;l'Implacable;;;El Implacable;;;;;;;;;x
nick_longthorn;the Longthorn;l’Épine;;;Largaespina;;;;;;;;;x
nick_rattleshirt;the Lord of Bones;le Seigneur des Os;;;Casaca de Matraca;;;;;;;;;x
nick_bittersteel;Bittersteel;Aigracier;;;Aceroamargo;;;;;;;;;x
nick_bloodraven;Bloodraven;Freuxsanglant;;;Lord Cuervo de Sangre;;;;;;;;;x
nick_seastar;Seastar;Astre des Mers;;;Estrellademar;;;;;;;;;x
nick_butcher;the Butcher;le Boucher;;;El Carnicero;;;;;;;;;x
nick_dragonbane;the Dragonbane;le Fléau des Dragons;;;Veneno de Dragón;;;;;;;;;x
nick_the_young_dragon;the Young Dragon;le Jeune Dragon;;;El Joven Dragón;;;;;;;;;x
nick_the_dragonknight;the Dragonknight;le Chevalier-Dragon;;;El Caballero Dragón;;;;;;;;;x
nick_breakspear;Breakspear;Briselance;;;Rompelanzas;;;;;;;;;x
nick_oakenfist;the Oakenfist;Poingdechêne;;;Puño de Roble;;;;;;;;;x
nick_redbeard;Redbeard;Barberouge;;;Barbarroja;;;;;;;;;x
nick_the_green_oak;the Green Oak;le Vert-Rouvre;;;El Roble Verde;;;;;;;;;x
nick_the_red_lion;the Red Lion;le Lion Rouge;;;El León Rojo;;;;;;;;;x
nick_the_grey_lion;the Grey Lion;le Lion Gris;;;El León Gris;;;;;;;;;x
nick_redtusk;Redtusk;Rougeboutoir;;;Colmillorojo;;;;;;;;;x
nick_cleftjaw;Cleftjaw;Gueule-en-deux;;;Barbarrota;;;;;;;;;x
nick_the_goat;the Goat;La Chèvre;;;La Cabra;;;;;;;;;x
nick_reek;Reek;Schlingue;;;Hediondo;;;;;;;;;x
nick_the_pale_griffin;the Pale Griffin;le Griffon Pâle;;;El Grifo Pálido;;;;;;;;;x
nick_the_maid;the Maid;la Pucelle;;;La Doncella;;;;;;;;;x
nick_the_krakens_daughter;the Kraken's Daughter;la fille de la Seiche;;;La Hija del Kraken;;;;;;;;;x
nick_the_bull;the Bull;le Taureau;;;El Toro;;;;;;;;;x
nick_the_white_owl;the White Owl;la Chouette Blanche;;;El Búho Blanco;;;;;;;;;x
nick_the_evenstar;the Evenstar;l'Etoile-du-Soir;;;El Lucero de la Tarde;;;;;;;;;x
nick_the_white_bastard;the White Bastard;le Bâtard Blanc;;;El Bastardo Blanco;;;;;;;;;x
nick_drunken_giant;the Drunken Giant;le Géant Ivre;;;El Gigante Borracho;;;;;;;;;x
nick_the_lusty;the Lusty;le Dépravé;;;El Lujurioso;;;;;;;;;x
nick_the_sleepy;the Sleepy;l'Endormi;;;El Dormido;;;;;;;;;x
nick_the_acolyte;the Acolyte;l'Acolyte;;;El Acólito;;;;;;;;;x
nick_the_long;the Long;l'Asperge;;;El Largo;;;;;;;;;x
nick_the_tall;the Tall;le Grand;;;El Alto;;;;;;;;;x
nick_the_red;the Red;le Rouge;;;El Rojo;;;;;;;;;x
nick_the_kingmaker;the Kingmaker;le Faiseur-de-rois;;;El Hacedor de Reyes;;;;;;;;;x
nick_the_demon_of_darry;the Demon of Darry;le Démon de Darry;;;El Demonio de Darry;;;;;;;;;x
nick_the_dogshead;the Dogshead;la Truffe;;;Cabeza de Perro;;;;;;;;;x
nick_ironhand;Ironhand;Main de Fer;;;Mano de Hierro;;;;;;;;;x
nick_the_headstrong_thorn;the Headstrong Thorn;la Forte Tête;;;El Tozudo;;;;;;;;;x
nick_the_old_ox;the Old Ox;le Vieil Aurochs;;;El Viejo Buey;;;;;;;;;x
nick_the_lord_lamprey;the Lord Lamprey;Lord Lamproie;;;Lord Lamprea;;;;;;;;;x
nick_the_young_wolf;the Young Wolf;le Jeune Loup;;;El Joven Lobo;;;;;;;;;x
nick_duckfield;Duck;Canard;;;Pato;;;;;;;;;x
nick_ironhand;Ironhand;Main de Fer;;;Mano de Hierro;;;;;;;;;x
nick_the_purple;the Purple;Le Violet;;;El Púrpura;;;;;;;;;x
nick_the_laughing_storm;the Laughing Storm;Orage Moqueur;;;Tormentalegre;;;;;;;;;x
nick_the_frog;the Frog;La Grenouille;;;La Rana;;;;;;;;;x
nick_the_broken;the Broken;Le Brisé;;;El Tullido;;;;;;;;;x
nick_the_rapist;the Rapist; Le Violeur;;;El Violador;;;;;;;;;x
nick_greatheart;the Greatheart;le Magnanime;;;Grancorazón;;;;;;;;;x
nick_the_neveryield;the Neveryield;Ne-te-rends-jamais;;;Nuncacede;;;;;;;;;x
nick_greycloak;Greycloak;Manteaugris;;;Capagrís;;;;;;;;;x
nick_the_openhanded;the Open-Handed;le Munificient;;;El Mano Abierta;;;;;;;;;x
nick_the_spring_king;the Spring King;le Printanier;;;el Rey Primavera;;;;;;;;;x
nick_hardhand;Hardhand;la Poigne;;;Mano Dura;;;;;;;;;x
nick_the_moon_king;the Moon King;le Lunaire;;;el Rey Luna;;;;;;;;;x
nick_the_bridegroom;the Bridegroom;le Fiancé;;;El Novio;;;;;;;;;x
nick_the_sweet;the Sweet;le Gentil;;;El Dulce;;;;;;;;;x
nick_the_bitter;the Bitter;le Fiel;;;El Amargo;;;;;;;;;x
nick_ice_eyes;Ice Eyes;Yeux de Glace;;;Ojos de Hielo;;;;;;;;;x
nick_snowbeard;Snowbeard;Barbeneige;;;Barbanevada;;;;;;;;;x
nick_the_hungry_wolf;the Hungry Wolf;le Loup Affamé;;;el Lobo Hambriento;;;;;;;;;x
nick_the_shipwright;the Shipwright;le Caréneur;;;El Navegante;;;;;;;;;x
nick_the_burner;the Burner;l'Incendiaire;;;El Incendiario;;;;;;;;;x
nick_the_builder;the Builder;le Bâtisseur;;;El Constructor;;;;;;;;;x
nick_anvilbreaker;Anvil-Breaker;Brise-Enclumes;;;El Destrozayunques;;;;;;;;;x
nick_the_dreamer;the Dreamer;la Rêveuse;;;La Soñadora;;;;;;;;;x
nick_the_krakenslayer;the Krakenslayer;le Tueur de Seiche;;;El Matakrakens;;;;;;;;;x
nick_ironreaver;Ironreaver;Fer-Ravage;;;Saqueador de Hierro;;;;;;;;;x
nick_the_red_reaver;the Red Reaver;le Ravageur Rouge;;;El Saqueador Rojo;;;;;;;;;x
nick_the_black_reaver;the Black Reaver;le Ravageur Noir;;;El Saqueador Negro;;;;;;;;;x
nick_ironfist;Ironfist;Poing-de-Fer;;;Puño de Hierro;;;;;;;;;x
nick_ironsword;Ironsword;Lame-de-Fer;;;Espada de Hierro;;;;;;;;;x
nick_ironshield;Ironshield;Bouclier-de-Fer;;;Escudo de Hierro;;;;;;;;;x
nick_the_raider;the Raider;le Razzieur;;;El Invasor;;;;;;;;;x
nick_ironraider;Ironraider;Fer-Razzieur;;;Invasor de Hierro;;;;;;;;;x
nick_ironheart;Ironheart;Cœur-de-Fer;;;Corazón de Hierro;;;;;;;;;x
nick_sixskins;Sixskins;Sixpeaux;;;Seispieles;;;;;;;;;x
nick_the_weeper;the Weeper ;le Chassieux;;;El Llorón;;;;;;;;;x
nick_sealskinner;Sealskinner;Peaux-de-phoque;;;Desollafocas;;;;;;;;;x
nick_white_mask;White Mask ;Masque-Blanc;;;Máscara Blanca;;;;;;;;;x
nick_crowkiller;Crowkiller;Freux-buteur;;;Matacuervos;;;;;;;;;x
nick_the_wanderer;the Wanderer;le Marcheur;;;El Trotamundos;;;;;;;;;x
nick_the_faithfull;the Faithfull;Loyal;;;El Fiel;;;;;;;;;x
nick_corpsekiller;Corpsekiller;Tue-les-Morts;;;Matamuertos;;;;;;;;;x
nick_lophand;Lophand;le Manchot;;;Manomocha;;;;;;;;;x
nick_the_cunning;the Cunning;le Sagace;;;El Astuto;;;;;;;;;x
nick_inkpots;Inkpots;l'Encrier;;;Tintero;;;;;;;;;x
nick_long;Long;Long;;;El Largo;;;;;;;;;x
nick_redback;Redback;Dos-Rouge;;;Lomorrojo;;;;;;;;;x
nick_the_bald;the Bald;le Chauve;;;El Calvo;;;;;;;;;x
nick_the_titan;the Titan's Bastard;le Bâtard du Titan;;;El Bastardo del Titán;;;;;;;;;x
nick_ginger;Ginger;Gingembre;;;El Bermejo;;;;;;;;;x
nick_longspear;Longspear;Echalas;;;Lanzalarga;;;;;;;;;x
nick_shieldbreaker;Shieldbreaker;Casse-Bouclier;;;Rompescudos;;;;;;;;;x
nick_the_huntsman;the Huntsman;le Veneur;;;El Cazador;;;;;;;;;x
nick_of_the_brown_shield;of the Brown Shield;au Bouclier Brun;;;del Escudo Pardo;;;;;;;;;x
nick_the_thrice_drowned;the Thrice-Drowned;Triplenoyé;;;El Tres Veces Ahogado;;;;;;;;;x
nick_the_dragontamer;the Dragontamer;le Dresseur de Dragons;;el Domadragones;El Domadragones;;;;;;;;;x
nick_the_griffin_king;the Griffin King;Roi Griffon;;;Rey Grifo;;;;;;;;;x
nick_the_clever;the Clever;le Futé;;;El Astuto;;;;;;;;;x
nick_the_defiant;the Defiant;le Défiant;;;La Rebelde;;;;;;;;;x
nick_the_stormbreaker;the Stormbreaker;le Brise-tempête;;;El Rompetormentas;;;;;;;;;x
nick_the_strong_thorn;the Strong Thorn;Forte-Epine;;;Fuertespina;;;;;;;;;x
nick_redraven;Red Raven;le Choucas Rouge;;;Cuervo Rojo;;;;;;;;;x
nick the_learned_thorn;the Learned Thorn;l'Epine Erudite;;;La Espina Sabia;;;;;;;;;x
nick_the_oathbreaker;the Oathbreaker;le Parjure;;;El Rompejuramentos;;;;;;;;;x
nick_arya;'Arya';Arya';;; 'Arya';;;;;;;;;x
nick_the_grey;the Grey;le Gris;;;El Gris;;;;;;;;;x
nick_redtusk;Redtusk;Rougeboutoir;;;Colmillorojo;;;;;;;;;x
nick_the_horned_king;the Horned King;le Seigneur aux Cornes;;;el Señor Astado;;;;;;;;;x
nick_the_unsmiling;the Unsmiling;l'Insouriant;;;El Taciturno;;;;;;;;;x
nick_the_barber;the Barber;le Barbier;;;El Barbero;;;;;;;;;x
nick_tanner;Tanner;Tanneur;;;El Curtidor;;;;;;;;;x
nick_apple_eater;Apple Eater;Croque-Pommes;;;Devoramanzanas;;;;;;;;;x
nick_the_iron_storm;the Iron Storm;l'Orage de Fer;;;La Tormenta de Hierro;;;;;;;;;x
nick_the_old_kraken;the Old Kraken;le Vieux Calmar;;;El Viejo Kraken;;;;;;;;;x
nick_redhand;Redhand;Mainrouge;;;Manorroja;;;;;;;;;x
nick_the_latecomer;the Latecomer;le Retardataire;;;El Reciénllegado;;;;;;;;;x
nick_badbrother;Badbrother;Malfrère;;;Malhermano;;;;;;;;;x
nick_the_grey_king;the Grey King;le Roi Gris;;;Rey Gris;;;;;;;;;x
nick_goldentounge;Goldentongue;Langue d'Or;;;Pico de Oro;;;;;;;;;x
nick_butcher_king;the Butcher King;le Roi Boucher;;;el Rey Carnicero;;;;;;;;;x
nick_the_talon;the Talon;la Serre;;;La Garra;;;;;;;;;x
nick_the_old_falcon;the Old Falcon;le Vieux Faucon;;;El Viejo Halcón;;;;;;;;;x
nick_breaker_of_chains;the Breaker of Chains;le Briseur de Chaînes;;;Rompedora de Cadenas;;;;;;;;;x
nick_the_ironrod;Ironrod;Tige-de-Fer;;;Vara de Hierro;;;;;;;;;x
nick_the_wandering_wolf;the Wandering Wolf;le Loup Errant;;;El Lobo Errante;;;;;;;;;x
nick_the_pander;the Pander;le Maquereau;;;El Putero;;;;;;;;;x
nick_of_the_black_hood;o' the Black Hood;à la Coule Noire;;;Capucha Negra;;;;;;;;;x
nick_the_mighty;the Mighty;le Puissant;;;El Poderoso;;;;;;;;;x
nick_triarch_life;Triarch for Life;Triarque à vie;;;Triarca Vitalicio;;;;;;;;;x
nick_the_boar;the Boar;le Verrat;;;El Jabalí;;;;;;;;;x
nick_the_wolf;the Wolf;le Loup;;;El Lobo;;;;;;;;;x
nick_the_eagle;the Eagle;l'Aigle;;;El Águila;;;;;;;;;x
nick_the_bear;the Bear;l'Ours;;;El Oso;;;;;;;;;x
nick_the_shadowcat;the Shadowcat;le Lynx-de-fumée;;;El Gatosombra;;;;;;;;;x
nick_tall_talker;Tall Talker;Haut-Disert;;;Gran Hablador;;;;;;;;;x
nick_the_spearwife;the Spearwife;la Piqueuse;;;Mujer del Acero;;;;;;;;;x
nick_widow_maker;Widow Maker;Faiseur-de-Veuve;;;Hacedor de Viudas;;;;;;;;;x
nick_hornblower;Hornblower;Cor-Souffleur;;;Soplador del Cuerno;;;;;;;;;x
nick_eater_herds;Eater of Herds;Mangeur de Troupeaux;;;Comerrebaños;;;;;;;;;x
nick_forked_tounge;of the Forked Tounge;à la Langue Fourchue;;;Lengua Bífida;;;;;;;;;x
nick_truth_teller;Truth Teller;Dit-Vrai;;;Escrutador de la Verdad;;;;;;;;;x
nick_the_fat_one;The Fat One;le Gros;;;El Gordo;;;;;;;;;x
nick_the_arrogant_one;The Arrogant One;l'Arrogant;;;El Arrogante;;;;;;;;;x
nick_the_kind_one;The Kind One;l'Aimable;;;El Amable;;;;;;;;;x
nick_the_handsome_one;The Handsome One;le Beau;;;El Hermoso;;;;;;;;;x
nick_the_ugly_one;The Ugly One;le Moche;;;El Feo;;;;;;;;;x
nick_the_large_one;The Large One;le Dégingandé;;;El Desgarbado;;;;;;;;;x
nick_the_strong_one;The Strong One;le Fort;;;El Fuerte;;;;;;;;;x
nick_the_weak_one;The Weak One;le Faible;;;El Débil;;;;;;;;;x
nick_the_learned_one;The Learned One;l’Érudit;;;El Erudito;;;;;;;;;x
nick_the_mad_one;The Mad One;le Fou;;;El Chiflado;;;;;;;;;x
nick_the_crazed_one;The Crazed One;le Fol;;;El Loco;;;;;;;;;x
nick_the_lame_one;The Lame One;le Boiteux;;;El Cojo;;;;;;;;;x
nick_the_drunk_one;The Drunk One;l'Ivrogne;;;El Borracho;;;;;;;;;x
nick_the_bastard_one;The Baseborn One;le Parvenu;;;El Bastardo;;;;;;;;;x
nick_the_hunched_one;The Hunched One;le Bossu;;;El Encorvado;;;;;;;;;x
nick_the_stuttering_one;The Stuttering One;le Bègue;;;El Tartamudo;;;;;;;;;x
nick_the_little_one;The Little One;le Petit;;;El Pequeño;;;;;;;;;x
nick_the_brilliant_one;The Brilliant One;le Brillant;;;El Brillante;;;;;;;;;x
nick_the_dimwitted_one;The Dimwitted One;le Buté;;;El Estúpido;;;;;;;;;x
nick_the_inbred_one;The Inbred One;le Consanguin;;;El Congénito;;;;;;;;;x
nick_the_raucous_one;The Raucous One;le Tapageur;;;El Ruidoso;;;;;;;;;x
nick_the_scholarly_one;The Scholarly One;le Savant;;;El Sabio;;;;;;;;;x
nick_the_cruel_one;The Cruel One;le Cruel;;;El Cruel;;;;;;;;;x
nick_the_mysterious_one;The Mysterious One;le Mystérieux;;;El Misterioso;;;;;;;;;x
nick_the_lewd_one;The Lewd One;l'Impudique;;;El Lascivo;;;;;;;;;x
nick_the_benign_one;The Benign One;le Bienveillant;;;El Benigno;;;;;;;;;x
nick_the_lazy_one;The Lazy One;le Fainéant;;;El Vago;;;;;;;;;x
nick_the_angry_one;The Angry One;le Coléreux;;;El Furioso;;;;;;;;;x
nick_the_humble_one;The Humble One;l'Humble;;;El Humilde;;;;;;;;;x
nick_the_craven_one;The Craven One;le Lâche;;;El Cobarde;;;;;;;;;x
nick_the_shy_one;The Shy One;le Timide;;;El Tímido;;;;;;;;;x
nick_the_just_one;The Just One;le Juste;;;El Justo;;;;;;;;;x
nick_the_scarred_one;The Scarred One;le Balafré;;;El Señalado;;;;;;;;;x
nick_the_eunuch_one;The Ballsless One;le Sans-couille;;;El Eunuco;;;;;;;;;x
nick_the_blind_one;The Blind One;l'Aveugle;;;El Ciego;;;;;;;;;x
nick_the_white_one;The White One;le Blanc;;;El Blanco;;;;;;;;;x
nick_the_wildling_one;The Wildling One;le Sauvageon;;;El Salvaje;;;;;;;;;x
nick_the_eastern_one;The Eastern One;l'Oriental;;;El Oriental;;;;;;;;;x
nick_the_ironborn_one;The Ironborn One;le Fer-né;;;El Hijo del Hierro;;;;;;;;;x
nick_the_northern_one;The Northern One;le Nordien;;;El Norteño;;;;;;;;;x
nick_the_dornish_one;The Dornish One;le Dornien;;;El Dorniense;;;;;;;;;x
nick_the_old_one;The Old One;le Vieux;;;El Viejo;;;;;;;;;x
nick_the_young_one;The Young One;le Jeune;;;El Joven;;;;;;;;;x
nick_the_dragon_one;The Dragon One;le Dragon;;;El Dragón;;;;;;;;;x
nick_the_knightly_one;The Knightly One;le Chevaleresque;;;El Caballeroso;;;;;;;;;x
nick_the_rude_one;The Rude One;le Grossier;;;El Grosero;;;;;;;;;x
nick_the_stubborn_one;The Stubborn One;le Têtu;;;El Terco;;;;;;;;;x
nick_the_ruthless_one;The Ruthless One;l'Impitoyable;;;El Despiadado;;;;;;;;;x
nick_the_able_one;The Able One;le Capable;;;El Capaz;;;;;;;;;x
nick_the_good_one;The Good One;le Bon;;;El Bueno;;;;;;;;;x
nick_the_merry_one;The Merry One;le Joyeux;;;El Alegre;;;;;;;;;x
nick_the_noble_one;The Noble One;le Noble;;;El Noble;;;;;;;;;x
nick_the_silent_one;The Silent One;le Silencieux;;;El Silencioso;;;;;;;;;x
nick_the_proud_one;The Proud One;le Fier;;;El Orgulloso;;;;;;;;;x
nick_the_gouty_one;The Gouty One;le Goutteux;;;El Gotoso;;;;;;;;;x
nick_the_fair_one;The Fair One;l'Honnête;;;El Honesto;;;;;;;;;x
nick_the_wise_one;The Wise One;le Sage;;;El Juicioso;;;;;;;;;x
nick_the_wicked_one;The Wicked One;le Méchant;;;El Malvado;;;;;;;;;x
nick_the_pious_one;The Pious One;le Pieux;;;El Piadoso;;;;;;;;;x
nick_the_blessed_one;The Blessed One;le Bienheureux;;;El Bendito;;;;;;;;;x
nick_the_great_one;The Great One;le Grand;;;El Grande;;;;;;;;;x
nick_the_meek_one;The Meek One;le Doux;;;El Dócil;;;;;;;;;x
nick_the_cunning_one;The Cunning One;le Rusé;;;El Astuto;;;;;;;;;x
nick_the_vain_one;The Vain One;le Vaniteux;;;El Vanidoso;;;;;;;;;x
nick_the_warrior_one;The Warrior One;le Guerrier;;;El Guerrero;;;;;;;;;x
nick_the_martial_one;The Martial One;le Martial;;;El Marcial;;;;;;;;;x
nick_the_pompous_one;The Pompous One;le Pompeux;;;El Pomposo;;;;;;;;;x
nick_the_peculiar_one;The Peculiar One;l'Etrange;;;El Peculiar;;;;;;;;;x
nick_the_rich_one;The Rich One;le Riche;;;El Rico;;;;;;;;;x
nick_the_reclused_one;The Reclused One;le Reclus;;;El Recluso;;;;;;;;;x
nick_the_clubfooted_one;The Clubfooted One;le Pied bot;;;El Patizambo;;;;;;;;;x
nick_the_bloody_one;The Bloody One;le Sanglant;;;El Sanguinario;;;;;;;;;x
nick_the_broken_one;The Broken One;le Brisé;;;El Tullido;;;;;;;;;x
nick_the_new_one;The New One;le Nouveau;;;El Nuevo;;;;;;;;;x
nick_the_next_one;The Next One;le Prochain;;;El Próximo;;;;;;;;;x
nick_the_feckless_one;The Feckless One;l'Incapable;;;El Irresponsable;;;;;;;;;x
nick_the_popular_one;The Popular One;le Populaire;;;El Popular;;;;;;;;;x
nick_the_luminous_one;The Luminous One;le Lumineux;;;El Luminoso;;;;;;;;;x
nick_the_boring_one;The Boring One;l'Ennuyeux;;;El Aburrido;;;;;;;;;x
nick_the_cagey_one;The Cagey One;le Méfiant;;;El Cauteloso;;;;;;;;;x
nick_the_erratic_one;The Erratic One;l'Erratique;;;El Errático;;;;;;;;;x
nick_the_welcome_one;The Welcome One;le Bienvenu;;;El Bienvenido;;;;;;;;;x
nick_the_pointless_one;The Pointless One;l'Inutile;;;El Inútil;;;;;;;;;x
nick_the_pointy_nosed_one;The Pointy Nosed One;Nez-en-pointe;;;El Nariz Puntiaguda;;;;;;;;;x
nick_the_big_eared_one;The Big Eared One;Grandes-oreilles;;;El Orejón;;;;;;;;;x
nick_the_well_endowed_one;The Well Endowed One;le Bien Doté;;;El Bien Dotado;;;;;;;;;x
nick_the_plain_one;The Plain One;le Clair;;;El Claro;;;;;;;;;x
nick_the_fast_one;The Fast One;le Rapide;;;El Rápido;;;;;;;;;x
nick_the_yellow_one;The Yellow One;le Jaune;;;El Amarillo;;;;;;;;;x
nick_the_bushy_eyebrowed_one;The Bushy Eyebrowed One;Sourcils-touffus;;;El Cejijunto;;;;;;;;;x
nick_the_clumsy_one;The Clumsy One;le Maladroit;;;El Torpe;;;;;;;;;x
nick_the_black_one;The Black One;le Noir;;;El Negro;;;;;;;;;x
nick_the_red_one;The Red One;le Rouge;;;El Rojo;;;;;;;;;x
nick_the_lackwitted_one;The Lackwitted One;l'Imbécile;;;El Imbécil;;;;;;;;;x
nick_the_spotty_one;The Spotty One;le Boutonneux;;;El Manchado;;;;;;;;;x
nick_the_stained_one;The Stained One;le Souillé;;;El Agujereado;;;;;;;;;x
nick_the_wet_one;The Wet One;l'Humide;;;El Húmedo;;;;;;;;;x
nick_the_red_kraken;the Red Kraken;le Kraken Rouge;;;El Kraken Rojo;;;;;;;;;x
nick_bloody_ben;Bloody Ben;Ben le Sanglant;;;Ben el Sangriento;;;;;;;;;x
nick_roddy_the_ruin;the Ruin;la Ruine;;;El Ruin;;;;;;;;;x
nick_hewer;the Hewer;le Trancheur;;;El Talador;;;;;;;;;x
nick_fighting_fool;the Fighting Fool;l'Idiot Combattant;;;El Bufón Luchador;;;;;;;;;x
nick_halfmaester;Halfmaester;Demi-Mestre;;;Mediomaestre;;;;;;;;;x
nick_the_Beast_of_Harrenhall;the Beast of Harrenhal;la Bête d'Harrenhal;;;La Bestia de Harrenhal;;;;;;;;;x
nick_the_Riverman;the Riverman;le Riverain;;;El Ribereño;;;;;;;;;x
nick_the_dragonslayer;the Dragonslayer;le Tueur de Dragon;;;El Matadragones;;;;;;;;;x
nick_the_stallion_that_mounts_the_world;the Stallion that Mounts the World;l’Étalon qui montera le Monde;;;El Semental que Monta el Mundo;;;;;;;;;x
nick_the_wild;the Wild;le Sauvage;;;El Salvaje;;;;;;;;;x
nick_the_one_eyed;the One-Eyed;le Borgne;;;El Tuerto;;;;;;;;;x
nick_the_reaver;the Reaver;le Razzieur;;;El Saqueador;;;;;;;;;x
nick_the_firegazer;the Firegazer;le Cracheur de Feu;;;El Mirón del Fuego;;;;;;;;;x
nick_the_dragonlord;the Dragonlord;Sire-Dragon;;;Lordragón;;;;;;;;;x
nick_the_elegant;the Elegant;l’Élégant;;;El Elegante;;;;;;;;;x
nick_the_imperious;the Imperious;l'Impérieux;;;El Arrogante;;;;;;;;;x
nick_the_rude;the Rude;le Grossier;;;El Grosero;;;;;;;;;x
nick_the_uncaring;the Uncaring;l'Insensible;;;El Insensible;;;;;;;;;x
nick_the_merciless;the Merciless;l'Impitoyable;;;El Despiadado;;;;;;;;;x
nick_the_red_robed;the Red-Robed;le Rouge-Vêtu;;;El Rojovestido;;;;;;;;;x
nick_the_drowned_king;the Drowned King;le Roi Noyé;;;el Rey Ahogado;;;;;;;;;x
nick_the_septon_king;the Septon King;le Roi Septon;;;el Rey Septón;;;;;;;;;x
nick_stoneface;Stoneface;Face-de-Pierre;;;Caradepiedra;;;;;;;;;x
nick_the_tolerant;the Tolerant;le Tolérant;;;El Tolerante;;;;;;;;;x
nick_seasnake;the Sea Snake;le Serpent de Mer;;;La Serpiente Marina;;;;;;;;;x
nick_lion_braavos;the Lion of Braavos;le Lion de Braavos;;;El León de Braavos;;;;;;;;;x
nick_the_Liddle;The Liddle;le Lideuil;;;El Liddle;;;;;;;;;x
nick_the_Hammer_of_Justice;The Hammer of Justice;la Masse de Justice;;;El Martillo de la Justicia;;;;;;;;;x
nick_Big_Liddle;Big Liddle;Grand Lideuil;;;Gran Liddle;;;;;;;;;x
nick_Middle_Liddle;Middle Liddle;Lideuil le Deux;;;Liddle el de Enmedio;;;;;;;;;x
nick_Little_Liddle;Little Liddle;Petit Lideuil;;;Liddle el Pequeño;;;;;;;;;x
nick_Wee_Liddle;Wee Liddle;Court-Lideuil;;;Liddle el Chiquitín;;;;;;;;;x
nick_the_Knott;The Knott;le Knott;;;El Knott;;;;;;;;;x
nick_the_Wull;The Wull;le Wull;;;El Wull;;;;;;;;;x
nick_the_Norrey;The Norrey;le Norroit;;;El Norrey;;;;;;;;;x
nick_Big_Norrey;Big Norrey;Grand Norroit;;;Gran Norrey;;;;;;;;;x
nick_Big_Knott;Big Knott;Grand Knott;;;Gran Knott;;;;;;;;;x
nick_the_brute;the Brute;la Brute;;;La Bestia;;;;;;;;;x
nick_the_lion;the Lion;le Lion;;;El León;;;;;;;;;x
nick_the_tormentor;the Tormentor;Le Tortionnaire;;;El Torturador;;;;;;;;;x
nick_the_niggardly;the Niggardly;le Ladre;;;El Tacaño;;;;;;;;;x
nick_the_lackwit;the Lackwit;le Niais;;;El Lerdo;;;;;;;;;x
nick_queen_lorea;Queen Lorea;Reine Lorea;;;La reina Lorea;;;;;;;;;x
nick_thunderbolt;Thunderbolt;la Foudre;;;El Relámpago;;;;;;;;;x
nick_the_last;the Last;l'Ultime;;;El Último;;;;;;;;;x
nick_the_limp;the Limp;le Mol;;;El Flojo;;;;;;;;;x
nick_the_golden;the Golden;le Doré;;;El Dorado;;;;;;;;;x
nick_the_half_drowned;the Half-drowned;le Demi-noyé;;;Medioahogado;;;;;;;;;x
nick_the_boarkiller;the Boarkiller;le Tueur de Sangliers;;;El Matajabalíes;;;;;;;;;x
nick_the_plowman;the Plowman;le Laboureur;;;El Labrador;;;;;;;;;x
nick_the_blind_bowman;the Blind Bowman;l'Archer Aveugle;;;El Arquero Ciego;;;;;;;;;x
nick_the_hooded_man;The Hooded Man;le Capuchon;;;El Encapuchado;;;;;;;;;x
nick_the_late_lord;the Late Lord;le Dernier Lord;;;El Tardío;;;;;;;;;x
nick_crabfeeder;Crabfeeder;Mange-crabe;;;Cebacangrejos;;;;;;;;;x
nick_breakbones;Breakbones;Brise-os;;;Machacahuesos;;;;;;;;;x
nick_the_daring;the Daring;le Vaillant;;;El Osado;;;;;;;;;x
nick_the_giant;'The Giant';le Géant;;;El Gigante;;;;;;;;;x
nick_blackhair;Blackhair;Cheveux-noirs;;;Pelonegro;;;;;;;;;x
nick_of_the_count;of the Count;du Compte;;;de la Cuenta;;;;;;;;;x
nick_the_spotted_cat;'Spotted Cat';le Félin Moucheté;;;Gato Moteado;;;;;;;;;x
nick_bonebreaker;'Bonebreaker';Briseur-d'os;;;Rompehuesos;;;;;;;;;x
nick_the_steelskin;'Steelskin';Cuir d'acier;;;Piel de Acero;;;;;;;;;x
nick_mistress_swords;the Mistress of Swords;la Maîtresse des Lames;;;La Señora de Espadas;;;;;;;;;x
nick_wild_flower;the Wild Flower;la Fleur Sauvage;;;La Flor Salvaje;;;;;;;;;x
nick_vieled_lady;the Veiled Lady;la Dame Voilée;;;La Dama Velada;;;;;;;;;x
nick_merling_queen;the Merling Queen;la Reine des Tritons;;;La Reina Pescadilla;;;;;;;;;x
nick_moonshadow;the Moonshadow;la Sélénombre;;;La Sombra de Luna;;;;;;;;;x
nick_daughter_dusk;the Daughter of the Dusk;la Fille du Crépuscule;;;La Hija del Ocaso;;;;;;;;;x
nick_nightingale;the Nightingale;le Rossignol;;;La Ruiseñor;;;;;;;;;x
nick_poetess;the Poetess;la Poétesse;;;La Poetisa;;;;;;;;;x
nick_black_pearl;the Black Pearl;la Perle Noire;;;La Perla Negra;;;;;;;;;x
nick_the_last_valyrian;the Last Valyrian;le Dernier Valyrien;;;El Último Valyrio;;;;;;;;;x
nick_the_fox;the Fox;la Renarde;;;El Zorro;;;;;;;;;x
nick_the_gardener;the Gardener;le Jardinier;;;El Jardinero;;;;;;;;;x
nick_the_grim;the Grim;le Sévère;;;El Adusto;;;;;;;;;x
nick_grey_eyes;Grey-eyes;Gris-Yeux;;;Ojos Grises;;;;;;;;;x
nick_the_woe;the Woe;le Malheur;;;El Pesar;;;;;;;;;x
nick_the_hammer;the Hammer of the Dornish;Marteau des Dorniens;;;Martillo de Dornienses;;;;;;;;;x
nick_the_morningstar;the Morningstar;le Fléau d'arme;;;El Lucero del Alba;;;;;;;;;x
nick_the_goldenhand;the Goldenhand;Main-d'or;;;Mano de Oro;;;;;;;;;x
nick_the_gods_fearing;the Gods-fearing;Craint-les-Dieux;;;Temor de Dioses;;;;;;;;;x
nick_the_mason;the Mason;le Maçon;;;El Albañil;;;;;;;;;x
nick_the_madling;the Madling;le Follet;;;El Loco;;;;;;;;;x
nick_the_meek;the Meek;le Doux;;;El Dócil;;;;;;;;;x
nick_the_death_killer;the Death killer;Tue-Morts;;;Matamuertos;;;;;;;;;x
nick_the_painter;the Painter;le Peintre;;;La Pantera;;;;;;;;;x
nick_the_oak;the Oak;du Chêne;;;El Roble;;;;;;;;;x
nick_of_the_vines;of the Vines;des Vignes;;;de las Vides;;;;;;;;;x
nick_the_archer;the Archer;l'Archer;;;El Arquero;;;;;;;;;x
nick_of_the_bloody_blade;of the Bloody Blade;à la Lame Sanglante;;;de la Espada Sangrienta;;;;;;;;;x
nick_oakenshield;Oakenshield;Ecu-de-Chêne;;;Escudo de Roble;;;;;;;;;x
nick_the_hunter;the Hunter;le Chasseur;;;El Cazador;;;;;;;;;x
nick_of_the_horn;of the Horn;du Cor;;;del Cuerno;;;;;;;;;x
nick_the_breaker;the Breaker;le Fracasseur;;;El Rompedor;;;;;;;;;x
nick_of_red_lake;of Red Lake;du Lac Rouge;;;del Lago Rojo;;;;;;;;;x
nick_ever_sweet;Ever Sweet;Tout-sucre;;;Tododulce;;;;;;;;;x
nick_gold_tree;Gold-tree;Arbre-d'or;;;Árbol de Oro;;;;;;;;;x
nick_brightflame;Brightflame;Viveflamme;;;Llamabrillante;;;;;;;;;x
nick_the_mummer;the Mummer;le Saltimbanque;;;El Mimo;;;;;;;;;x
nick_the_guest;the Guest;l'Invité;;;El Invitado;;;;;;;;;x
nick_the_vulture_king;the Vulture King;le Roi Vautour;;;el Rey Buitre;;;;;;;;;x
nick_the_savage;the Savage;le Sauvage;;;El Salvaje;;;;;;;;;x
nick_one_hand;One-Hand;Une-Main;;;Unamano;;;;;;;;;x
nick_the_dragonless;the Dragonless;le Sans-Dragon;;;El Sindragón;;;;;;;;;x
nick_palehair;Palehair;Cheveux-pâles;;;Peloblanco;;;;;;;;;x
nick_the_flea;the Flea;la Puce;;;La Pulga;;;;;;;;;x
nick_the_sea_lion;the Sea Lion;le Lion de Mer;;;El León Marino;;;;;;;;;x
nick_the_twisted;the Twisted;le Tors;;;El Retorcido;;;;;;;;;x
nick_of_the_high_tower;of the High Tower;de la Grand-Tour;;;del Faro;;;;;;;;;x
nick_the_devout;the Devout;le Dévot;;;El Devoto;;;;;;;;;x
nick_of_the_scourge_of_location;the Scourge of [Root.Location.GetName];le Fléau de [Root.Location.GetName];;;El Azote de [Root.Location.GetName];;;;;;;;;x
nick_of_the_bane_of_location;the Bane of [Root.Location.GetName];le Poison de [Root.Location.GetName];;;El Veneno de [Root.Location.GetName];;;;;;;;;x
nick_of_the_hero_of_location;the Hero of [Root.Location.GetName];le Héros de [Root.Location.GetName];;;El Héroe de [Root.Location.GetName];;;;;;;;;x
nick_of_the_lion_of_location;the Lion of [Root.Location.GetName];le Lion de [Root.Location.GetName];;;El León de [Root.Location.GetName];;;;;;;;;x
nick_of_the_sword_of_location;the Sword of [Root.Location.GetName];l’Épée de [Root.Location.GetName];;;La Espada de [Root.Location.GetName];;;;;;;;;x
nick_of_the_star_of_location;the Star of [Root.Location.GetName];l’Étoile de [Root.Location.GetName];;;La Estrella de [Root.Location.GetName];;;;;;;;;x
nick_of_the_butcher_of_location;the Butcher of [Root.Location.GetName];le Boucher de [Root.Location.GetName];;;El Carnicero de [Root.Location.GetName];;;;;;;;;x
nick_of_the_fist_of_location;the Fist of [Root.Location.GetName];le Poing de [Root.Location.GetName];;;El Puño de [Root.Location.GetName];;;;;;;;;x
nick_of_the_dragon_of_location;the Dragon of [Root.Location.GetName];le Dragon de [Root.Location.GetName];;;El Dragón de [Root.Location.GetName];;;;;;;;;x
nick_of_the_wolf_of_location;the Wolf of [Root.Location.GetName];le Loup de [Root.Location.GetName];;;El Lobo de [Root.Location.GetName];;;;;;;;;x
nick_of_the_demon_of_location;the Demon of [Root.Location.GetName];le Démon de [Root.Location.GetName];;;El Demonio de [Root.Location.GetName];;;;;;;;;x
nick_of_the_burner_of_location;the Burner of [Root.Location.GetName];le Brûleur de [Root.Location.GetName];;;El Quemador de [Root.Location.GetName];;;;;;;;;x
nick_of_the_breaker_of_location;the Breaker of [Root.Location.GetName];le Briseur de [Root.Location.GetName];;;El Rompedor de [Root.Location.GetName];;;;;;;;;x
nick_of_the_shield_of_location;the Shield of [Root.Location.GetName];le Bouclier de [Root.Location.GetName];;;El Escudo de [Root.Location.GetName];;;;;;;;;x
nick_of_the_spear_of_location;the Spear of [Root.Location.GetName];la Lance de [Root.Location.GetName];;;La Lanza de [Root.Location.GetName];;;;;;;;;x
nick_of_the_axe_of_location;the Axe of [Root.Location.GetName];la Hache de [Root.Location.GetName];;;El Hacha de [Root.Location.GetName];;;;;;;;;x
nick_of_the_hammer_of_location;the Hammer of [Root.Location.GetName];le Marteau de [Root.Location.GetName];;;El Martillo de [Root.Location.GetName];;;;;;;;;x
nick_the_culture_group;the [Root.Culture.GetGroupName];le [Root.Culture.GetGroupName];;;El [Root.Culture.GetGroupName];;;;;;;;;x
nick_the_knight_of_kisses;the Knight of Kisses;le Chevalier des Baisers;;;El Caballero de los Besos;;;;;;;;;x
nick_lord_battles;the Lord of Battles;le Seigneur des Batailles;;;el Señor de las Batallas;;;;;;;;;x
nick_pink_emperor;the Pink Emperor;l'Empereur Rose;;;El Emperador Rosa;;;;;;;;;x
nick_cyan_emperor;the Cyan Emperor;l'Empereur Cyan;;;El Emperador Cian;;;;;;;;;x
nick_redarm;Redarm;Bras-Rouge;;;Brazorrojo;;;;;;;;;x
nick_the_laughing_wolf_canon;the Laughing Wolf;le Loup Rieur;;;El Lobosonrisas;;;;;;;;;x
nick_one_eye;One-Eye;Un-Œil;;;Un Ojo;;;;;;;;;x
nick_blacksword;Blacksword;Noire-Epée;;;Espadanegra;;;;;;;;;x
nick_silvertounge;Silvertongue;Langue d'Argent;;;Lenguadeplata;;;;;;;;;x
nick_the_sparrow;The Sparrow;le Moineau;;;El Gorrión;;;;;;;;;x
nick_bronze_bitch;The Bronze Bitch;La Garce de Bronze;;;Puta de Bronce;;;;;;;;;x
nick_the_saddlesore;the Saddle-sore;le Mal-assis;;;El Malsentado;;;;;;;;;x
nick_the_ruined;the Ruined;le Ruiné;;;El Arruinado;;;;;;;;;x
nick_the_hopeful;the Hopeful;L'Optimiste;;;El Optimista;;;;;;;;;x
nick_the_kinslayer;the Kinslayer;le Fratricide;;;El Matasangre;;;;;;;;;x
nick_the_king_who_flew;the King Who Flew;le Roi qui Vola;;;el Rey que voló;;;;;;;;;x
nick_ironfoot;Ironfoot;Pied-de-Fer;;;Pie de Hierro;;;;;;;;;x
nick_raven_feeder;Raven-feeder;Festin-des-Corbeaux;;;El Criacuervos;;;;;;;;;x
nick_flatnose;Flatnose;Nez plat;;;El Chato;;;;;;;;;x
nick_the_raper;the Raper;le Violeur;;;El Violador;;;;;;;;;x
nick_the_eagle;the Eagle;l'Aigle;;;El Águila;;;;;;;;;x
nick_coldwind;Coldwind;Heurtebise;;;Vientofrío;;;;;;;;;x
nick_maidensbane;Maidensbane;Perte-des-Vierges;;;Veneno de Doncella;;;;;;;;;x
nick_stumphand;Stump-hand;Bout-de-Main;;;Tres Dedos;;;;;;;;;x
nick_widowmaker;Widowmaker;Faiseur de Veuves;;;Hacedor de Viudas;;;;;;;;;x
nick_priestkiller;Priestkiller;Tueur-de-Prêtres;;;Matasantos;;;;;;;;;x
nick_the_fierce;the Fierce;le Féroce;;;El Fiero;;;;;;;;;x
nick_the_soulless;the Soulless;le Sans-Âme;;;El Desalmado;;;;;;;;;x
nick_demonlover;Demonlover;Démonolâtre;;;Adorademonios;;;;;;;;;x
nick_the_red_smile;the Red Smile;au Rouge Sourire;;;Sonrisa Roja;;;;;;;;;x
nick_the_host;the Host;l'Hôte;;;El Anfitrión;;;;;;;;;x
nick_the_haggler;the Haggler;le Négociateur;;;El Mercader;;;;;;;;;x
nick_the_heartless;the Heartless;le Sans-cœur;;;El Sincorazón;;;;;;;;;x
nick_the_necromancer;the Necromancer;le Nécromancien;;;El Nigromante;;;;;;;;;x
nick_the_last_reaver;the Last Reaver;le Razzieur;;;El Último Saqueador;;;;;;;;;x
nick_the_holy_fool;the Holy Fool;le Fou Sacré;;;El Loco Sagrado;;;;;;;;;x
nick_bloodborn;Bloodborn;Sang-Né;;;El Sangriento;;;;;;;;;x
nick_the_beautiful;the Beautiful;le Beau;;;El Hermoso;;;;;;;;;x
nick_the_mad_mouse;the Mad Mouse;la Souris démente;;;El Ratón Loco;;;;;;;;;x
nick_the_whore;the Whore;la Catin;;;La Puta;;;;;;;;;x
nick_the_faithless;the Faithless;le Sans-foi;;;El Sin Fe;;;;;;;;;x
nick_the_lionslayer;the Lionslayer;Tueur de Lion;;;El Mataleones;;;;;;;;;x
nick_the_viper;the Viper;la Vipère;;;La Víbora;;;;;;;;;x
nick_bronze_axe;Bronze-Axe;Hache-de-bronze;;;Hacha de Bronce;;;;;;;;;x
nick_the_dour;the Dour;le Lugubre;;;El Adusto;;;;;;;;;x
nick_ravenfriend;Ravenfriend;Ami-des-freux;;;Amigo de los Cuervos;;;;;;;;;x
nick_kin_killer;Kin-Killer;Fratricide;;;Matarraza;;;;;;;;;x
nick_the_sailmaker;the Sailmaker;le Voilier;;;El Velero;;;;;;;;;x
nick_the_dim;the Dim;le Niais;;;El Lerdo;;;;;;;;;x
nick_halfblood;Half-blood;Sang-Mêlé;;;El Mediasangre;;;;;;;;;x
nick_godsgrief;Godsgrief;Dieux-deuil;;;Pesardedioses;;;;;;;;;x
nick_evenstar;the Evenstar;l'Étoile-du-Soir;;;El Lucero de la Tarde;;;;;;;;;x
nick_milk_eye;Milk-Eye;Œil-de-lait;;;Ojoblanco;;;;;;;;;x
nick_softspear;Softspear;Mollepique;;;Lanzamurria;;;;;;;;;x
nick_the_sword_of_the_evening;the Sword of the Evening;l'Épée du Soir;;;Espada del Ocaso;;;;;;;;;x
nick_starfire;Starfire;l'Étoile ardente;;;Fuego Estelar;;;;;;;;;x
nick_the_blind_king;the Blind King;le Roi Aveugle;;;el Rey Ciego;;;;;;;;;x
nick_the_blind_queen;the Blind Queen;la Reine Aveugle;;;la Reina Ciega;;;;;;;;;x
nick_the_nimble;the Nimble;la Main-leste;;;El Ágil;;;;;;;;;x
nick_the_darling_of_the_vale;the Darling of The Vale;les Délices du Val;;;El Encantador del Valle;;;;;;;;;x
nick_the_whoreson;the Whoreson;le Fils-de-Putain;;;El Malnacido;;;;;;;;;x
nick_the_widowlover;the Widow-Lover;l'Amant-des-Veuves;;;Amante de Viudas;;;;;;;;;x
nick_the_laughing_lion;the Laughing Lion;le Lion éjoui;;;El León Sonriente;;;;;;;;;x
nick_the_munificent;the Munificent;le Munificent;;;El Dadivoso;;;;;;;;;x
nick_the_amazing;the Amazing;l'Étonnant;;;El Extraordinario;;;;;;;;;x
nick_the_windrider;the Windrider;le Court-les-Vents;;;El Cabalgavientos;;;;;;;;;x
nick_the_arrow_of_jhahar;the Arrow of Jhahar;la Flèche de Jhahar;;;La Flecha de Jhahar;;;;;;;;;x
nickname_quiver;Quiver;Carquois;;;Carcaj;;;;;;;;;x
nick_the_dragon_of_the_north;the Dragon of the North;le Dragon du Nord;;;El Dragón de El Norte;;;;;;;;;x
nick_frostfinger;Frostfinger;Doigt-en-gel;;;Dedohelado;;;;;;;;;x
nick_the_sheep_lover;the Sheep Lover;l'Amant-des-moutons;;;El Follaovejas;;;;;;;;;x
nick_wyvernsbane;Wyvernsbane;Rabat-les-Vouivres;;;Veneno de Guiverno;;;;;;;;;x
nick_spotted_butcher;the Spotted Butcher;le Boucher Truité;;;Pintas el Carnicero;;;;;;;;;x
nick_nine_eyes;Nine Eyes;Neuf-z-Yeux;;;Nueve Ojos;;;;;;;;;x
nick_misery_the_white_worm;Misery, the White Worm;Souffrance, le Ver Blanc;;;Miseria, el Gusano Blanco;;;;;;;;;x
nick_glittering_god;the Glittering God;le Dieu Étincelant;;;El Dios Rutilante;;;;;;;;;x
nick_longspoon;Longspoon;Grande Cuillère;;;Cucharón;;;;;;;;;x
nick_squint_eye;Squint-Eye;Vire-d'Œil;;;El Bizco;;;;;;;;;x
nick_the_boy_too_bold_by_half;the Boy Too Bold By Half;le Garçon Bien Trop Téméraire;;;;;;;;;;;;x
nick_the_lace_serpent;the Lace Serpent;le Serpent de Dentelle;;;La Serpiente de Encaje;;;;;;;;;x
nick_darkrobin;Darkrobin;le Sombre;;;El Mirlo Negro;;;;;;;;;x
nick_the_hammer_of_the_jogos_nhai;the Hammer of the Jogos Nhai;le Marteau des Jogos Nhai;;;Martillo de los Jogos Nhai;;;;;;;;;x
nick_stoneheart;Stoneheart;Cœurdepierre;;;Corazón de Piedra;;;;;;;;;x
nick_lemoncloak;Lemoncloak;Limonbure;;;Capa de Limón;;;;;;;;;x
nick_be_lucky;be Lucky;Bonne-Chance;;;Con-Suerte;;;;;;;;;x
nick_the_red_widow;The Red Widow;la Veuve Rouge;;;La Viuda Escarlata;;;;;;;;;x
nick_the_drunken;The Drunken;L'Ivrogne;;;El Borracho;;;;;;;;;x
nick_the_queen_who_never_was;the Queen Who Never Was;la Reine qui ne le Fut Jamais;;;La Reina que nunca fue;;;;;;;;;x
nick_the_blue_bard;the Blue Bard;le Barde Bleu;;;Bardo Azul;;;;;;;;;x
nick_the_late;the Late;le Tardif;;;El Tardío;;;;;;;;;x
nick_the_cautious;the Cautious;le Prudent;;;El Cauto;;;;;;;;;x
nick_the_indecisive;the Indecisive;l'Indécis;;;El Indeciso;;;;;;;;;x
nick_the_ditherer;the Ditherer;le Réticent;;;El Reticente;;;;;;;;;x
nick_the_waverer;the Waverer;l'Irrésolu;;;El Irresoluto;;;;;;;;;x
nick_the_hesitant;the Hesitant;l'Hésitant;;;El Vacilante;;;;;;;;;x
nick_the_queer;the Queer;Lestrange;;;El Extraño;;;;;;;;;x
nick_the_vole;the Vole;le Mulot;;;El Cobaya;;;;;;;;;x
nick_the_widow_of_the_waterfront;the Widow of the Waterfront;la Veuve du front de fleuve;;;La Viuda del Puerto;;;;;;;;;x
nick_the_yellow;the Yellow;le Jaune;;;;;;;;;;;;x
nick_the_green;the Green;le Vert;;;;;;;;;;;;x
nick_the_orange;the Orange;l'Orange;;;;;;;;;;;;x
nick_the_spotted;the Spotted;le Tisonné;;;;;;;;;;;;x
nick_the_white;the White;le Blanc;;;;;;;;;;;;x
nick_the_unwashed;the Unwashed;L'Infect;;;;;;;;;;;;x
nick_the_saviour;the Saviour;le Sauveur;;;;;;;;;;;;x
nick_the_champion_of_kingdom;the Champion of [Prev.GetName];le Champion de [Prev.GetName];;;;;;;;;;;;x
nick_the_triumphant;the Triumphant;le Triomphateur;;;;;;;;;;;;x
nick_the_emancipator;the Emancipator;l’émancipateur;;;;;;;;;;;;x
nick_the_breaker_of_chains;the Breaker of Chains;le Briseur de chaînes;;;;;;;;;;;;x
nick_the_deliverer;the Deliverer;le Délivreur;;;;;;;;;;;;x
nick_mother;Mother;Mère;;;;;;;;;;;;x
nick_father;Father;Père;;;;;;;;;;;;x
nick_the_iron;Iron;;;;;;;;;;;;;x
nick_the_mage;the Mage;;;;;;;;;;;;;x
nick_the_enchantress;the Enchantress;;;;;;;;;;;;;x
nick_the_seductress;the Seductress;;;;;;;;;;;;;x
nick_the_wanton;the Wanton;;;;;;;;;;;;;x
nick_the_loose;the Loose;;;;;;;;;;;;;x
nick_the_promiscuous;the Promiscuous;;;;;;;;;;;;;x
nick_the_unchaste;the Unchaste;;;;;;;;;;;;;x
nick_the_easy;the Easy;;;;;;;;;;;;;x
nick_the_whore;the Whore;;;;;;;;;;;;;x
nick_the_charming;the Charming;;;;;;;;;;;;;x
nick_the_captivating;the Captivating;;;;;;;;;;;;;x
nick_the_luring;the Luring;;;;;;;;;;;;;x
nick_the_adulterer;the Adulterer;;;;;;;;;;;;;x
nick_the_rake;the Rake;;;;;;;;;;;;;x
nick_the_sensual;the Sensual;;;;;;;;;;;;;x
nick_the_sordid;the Sordid;;;;;;;;;;;;;x
nick_the_belly;the Belly;;;;;;;;;;;;;x
nick_the_sour;the Sour;;;;;;;;;;;;;x
nick_dance_for_me;Dance for Me;;;;;;;;;;;;;x
nick_yellow;Yellow;;;;;;;;;;;;;x
nick_steelshanks;Steelshanks;;;;;;;;;;;;;x
nick_longinch;Longinch;;;;;;;;;;;;;x
nick_the_lion_king;the Lion King;;;;;;;;;;;;;x
nick_the_barbarian;the Barbarian;;;;;;;;;;;;;x
nick_the_silver;the Silver;;;;;;;;;;;;;x
nick_night_walker;Night-Walker;;;;;;;;;;;;;x
nick_the_bad_apple;the Bad Apple;;;;;;;;;;;;;x
nick_the_big;the Big;;;;;;;;;;;;;x
nick_blackshield;Blackshield;;;;;;;;;;;;;x
nick_the_smiling_knight;the Smiling Knight;;;;;;;;;;;;;x
nick_stripeback;Stripeback;;;;;;;;;;;;;x
nick_the_brown;the Brown;;;;;;;;;;;;;x
nick_toad;Toad;;;;;;;;;;;;;x
nick_greenbeard;Greenbeard;;;;;;;;;;;;;x
